idPerformance,notePerformance,datePerformance,idEmploye
1,12,2021-12-01,1
2,10,2021-12-02,2
3,11,2021-12-03,3
4,14,2021-12-04,4
5,09,2021-12-05,5
6,14,2021-12-06,6
7,13,2021-12-07,7
8,12,2021-12-08,8
9,13,2021-12-09,9
21,15,2022-12-01,1
22,13,2022-12-02,2
23,13,2022-12-03,3
24,17,2022-12-04,4
25,16,2022-12-05,5
26,14,2022-12-06,6
27,15,2022-12-07,7
28,14,2022-12-08,8
29,16,2022-12-09,9




