idContrat,dateDebutContrat,numeroContrat,salaire,idEmploye
1,2021-01-02,14001,3530,1
2,2021-01-12,14002,3230,2
3,2021-01-22,14003,4135,3
4,2021-01-02,14004,3455,4
5,2021-01-12,14005,2450,5
6,2021-01-02,14006,2400,6
7,2021-01-02,14007,2600,7
8,2021-01-12,14008,3400,8
9,2021-01-02,14009,4450,9

